clique_size,final_node_count,num_polya_steps,num_edges,initial_memory_mb,graph_generation_memory_mb,final_memory_mb,peak_memory_growth_mb,total_memory_growth_mb,clique_time_s,barabasi_albert_time_s,polya_time_s,total_time_s
64,128,100,2208,67.42,67.67,67.71,0.25,0.29,0.009,0.007,0.4722,0.4893
64,256,100,2592,67.71,67.8,67.86,0.09,0.15,0.009,0.0258,0.5828,0.6176
64,512,100,3360,67.86,68.5,68.63,0.64,0.77,0.009,0.1078,0.842,0.9619
64,1024,100,4896,68.63,69.08,69.29,0.45,0.65,0.0092,0.405,1.4118,1.827
64,2048,100,7968,69.29,70.45,70.88,1.16,1.6,0.0067,1.5825,2.4482,4.0457
64,4096,100,14112,70.88,72.74,73.55,1.86,2.67,0.0054,6.2026,4.6227,10.8507
64,8192,100,26400,72.55,77.06,78.75,4.5,6.19,0.0051,24.7432,9.5511,34.3291
64,16384,100,50976,74.81,87.0,90.5,12.2,15.7,0.0087,105.0802,20.6273,125.7916
64,32768,100,100128,76.7,103.72,110.79,27.02,34.09,0.0073,433.9311,41.557,475.6786
