clique_size,final_nodes,polya_steps,num_batches,batch_size,total_nodes,num_edges,growth_time,csr_time,polya_time,total_time,gpu_used_mb,cpu_used_mb,gpu_free_init,gpu_free_growth,gpu_free_final,cpu_mem_init,cpu_mem_growth,cpu_mem_final
64,128,100,8,8,128,4416,0.00800013542175293,0.0,0.0,0.00800013542175293,,0.34765625,,,,76.0859375,76.3828125,76.43359375
64,256,100,24,8,256,5184,0.0030553340911865234,0.0,0.0031099319458007812,0.006165266036987305,,0.11328125,,,,76.37890625,76.4921875,76.4921875
64,512,100,56,8,512,6720,0.010766267776489258,0.0,0.01167607307434082,0.022442340850830078,,0.1328125,,,,76.421875,76.5546875,76.5546875
64,1024,100,120,8,1024,9792,0.010205268859863281,0.0,0.01300191879272461,0.02320718765258789,,0.2421875,,,,76.47265625,76.71484375,76.71484375
64,2048,100,248,8,2048,15936,0.01926136016845703,0.0009999275207519531,0.021116971969604492,0.04037833213806152,,0.53125,,,,76.5390625,77.03515625,77.0703125
64,4096,100,504,8,4096,28224,0.03685736656188965,0.0,0.04036736488342285,0.0772247314453125,,0.75390625,,,,76.8359375,77.52734375,77.58984375
64,8192,100,1016,8,8192,52800,0.07378721237182617,0.0009999275207519531,0.07329392433166504,0.1470811367034912,,1.28515625,,,,77.1640625,78.32421875,78.44921875
64,16384,100,2040,8,16384,101952,0.1567668914794922,0.00806570053100586,0.15543627738952637,0.31220316886901855,,1.60546875,,,,77.734375,80.12109375,79.33984375
64,32768,100,4088,8,32768,200256,0.28962159156799316,0.0,0.3493812084197998,0.639002799987793,,4.25390625,,,,76.6171875,81.51171875,80.87109375
